{
    "0": {
        "position": [
            0.2999999523162842,
            0.9009993672370911,
            0.2999999523162842
        ],
        "rotation": [
            -0.0,
            90.0,
            0.0
        ]
    },
    "1": {
        "position": [
            0.2999999523162842,
            0.9009993672370911,
            0.2999999523162842
        ],
        "rotation": [
            -0.0,
            80.00001525878906,
            0.0
        ]
    },
    "2": {
        "position": [
            0.2999999523162842,
            0.9009993672370911,
            0.2999999523162842
        ],
        "rotation": [
            -0.0,
            60.00000762939453,
            0.0
        ]
    },
    "3": {
        "position": [
            0.5999999046325684,
            0.9009993672370911,
            0.5
        ],
        "rotation": [
            -0.0,
            56.3099365234375,
            0.0
        ]
    },
    "4": {
        "position": [
            0.8999998569488525,
            0.9009993672370911,
            0.6999999284744263
        ],
        "rotation": [
            -0.0,
            56.3099365234375,
            0.0
        ]
    },
    "5": {
        "position": [
            1.2000000476837158,
            0.9009993672370911,
            0.8999999761581421
        ],
        "rotation": [
            -0.0,
            56.30995178222656,
            0.0
        ]
    },
    "6": {
        "position": [
            1.5,
            0.9009993672370911,
            1.0999999046325684
        ],
        "rotation": [
            -0.0,
            56.3099365234375,
            0.0
        ]
    },
    "7": {
        "position": [
            1.5,
            0.9009993672370911,
            1.0999999046325684
        ],
        "rotation": [
            -0.0,
            63.434906005859375,
            0.0
        ]
    },
    "8": {
        "position": [
            1.6999999284744263,
            0.9009993672370911,
            1.2000000476837158
        ],
        "rotation": [
            -0.0,
            56.30995178222656,
            0.0
        ]
    },
    "9": {
        "position": [
            2.0,
            0.9009993672370911,
            1.399999976158142
        ],
        "rotation": [
            -0.0,
            63.43490982055664,
            0.0
        ]
    },
    "10": {
        "position": [
            2.1999998092651367,
            0.9009993672370911,
            1.5
        ],
        "rotation": [
            -0.0,
            63.43490982055664,
            0.0
        ]
    },
    "11": {
        "position": [
            2.5,
            0.9009993672370911,
            1.7000000476837158
        ],
        "rotation": [
            -0.0,
            56.30995178222656,
            0.0
        ]
    },
    "12": {
        "position": [
            2.799999952316284,
            0.9009993672370911,
            1.899999976158142
        ],
        "rotation": [
            -0.0,
            56.3099365234375,
            0.0
        ]
    },
    "13": {
        "position": [
            2.799999952316284,
            0.9009993672370911,
            1.899999976158142
        ],
        "rotation": [
            -0.0,
            56.3099365234375,
            0.0
        ]
    },
    "14": {
        "position": [
            3.0999999046325684,
            0.9009993672370911,
            2.0999999046325684
        ],
        "rotation": [
            -0.0,
            56.3099479675293,
            0.0
        ]
    },
    "15": {
        "position": [
            3.4000000953674316,
            0.9009993672370911,
            2.299999952316284
        ],
        "rotation": [
            -0.0,
            63.434898376464844,
            0.0
        ]
    },
    "16": {
        "position": [
            3.5999999046325684,
            0.9009993672370911,
            2.4000000953674316
        ],
        "rotation": [
            -0.0,
            63.434898376464844,
            0.0
        ]
    },
    "17": {
        "position": [
            3.9000000953674316,
            0.9009993672370911,
            2.5999999046325684
        ],
        "rotation": [
            -0.0,
            56.30997848510742,
            0.0
        ]
    },
    "18": {
        "position": [
            4.300000190734863,
            0.9009993672370911,
            2.799999952316284
        ],
        "rotation": [
            -0.0,
            63.43494415283203,
            0.0
        ]
    },
    "19": {
        "position": [
            4.300000190734863,
            0.9009993672370911,
            2.799999952316284
        ],
        "rotation": [
            -0.0,
            63.434898376464844,
            0.0
        ]
    },
    "20": {
        "position": [
            4.5,
            0.9009993672370911,
            2.9000000953674316
        ],
        "rotation": [
            -0.0,
            56.30997848510742,
            0.0
        ]
    },
    "21": {
        "position": [
            4.800000190734863,
            0.9009993672370911,
            3.0999999046325684
        ],
        "rotation": [
            -0.0,
            63.434898376464844,
            0.0
        ]
    },
    "22": {
        "position": [
            5.199999809265137,
            0.9009993672370911,
            3.3000001907348633
        ],
        "rotation": [
            -0.0,
            63.434898376464844,
            0.0
        ]
    },
    "23": {
        "position": [
            5.5,
            0.9009993672370911,
            3.5
        ],
        "rotation": [
            -0.0,
            56.30997848510742,
            0.0
        ]
    },
    "24": {
        "position": [
            5.800000190734863,
            0.9009993672370911,
            3.700000047683716
        ],
        "rotation": [
            -0.0,
            56.30995178222656,
            0.0
        ]
    },
    "25": {
        "position": [
            5.800000190734863,
            0.9009993672370911,
            3.700000047683716
        ],
        "rotation": [
            -0.0,
            53.13008117675781,
            0.0
        ]
    },
    "26": {
        "position": [
            6.199999809265137,
            0.9009993672370911,
            4.0
        ],
        "rotation": [
            -0.0,
            45.000003814697266,
            0.0
        ]
    },
    "27": {
        "position": [
            6.5,
            0.9009993672370911,
            4.300000190734863
        ],
        "rotation": [
            -0.0,
            36.869937896728516,
            0.0
        ]
    },
    "28": {
        "position": [
            6.800000190734863,
            0.9009993672370911,
            4.699999809265137
        ],
        "rotation": [
            -0.0,
            36.86993408203125,
            0.0
        ]
    },
    "29": {
        "position": [
            7.100000381469727,
            0.9009993672370911,
            5.0
        ],
        "rotation": [
            -0.0,
            45.000003814697266,
            0.0
        ]
    },
    "30": {
        "position": [
            7.400000095367432,
            0.9009993672370911,
            5.300000190734863
        ],
        "rotation": [
            -0.0,
            44.999961853027344,
            0.0
        ]
    },
    "31": {
        "position": [
            7.700000286102295,
            0.9009993672370911,
            5.699999809265137
        ],
        "rotation": [
            -0.0,
            36.86993408203125,
            0.0
        ]
    }
}